problem_id,dataset,model,provider,temperature,turn,max_turns,template,reasoning_trace_file,extracted_answer,reference_answer,accuracy,self_confidence,teacher_bias,teacher_confidence,combined_confidence,reasoning_summary,execution_details,final_accuracy,total_turns,experiment_config
0,gsm8k,demo-model-1,demo,0.2,0,1,,/Users/bradleyharaguchi/Algoverse-Self-Correction-Classification/demo_output/ensemble_demo_ensemble_20250918_092800/reasoning_traces/math/0/turn_0_reasoning.txt,0,"Natalia sold 48/2 = <<48/2=24>>24 clips in May.
Natalia sold 48+24 = <<48+24=72>>72 clips altogether in April and May.
#### 72",0,0.3,None,0.5,0.4,"Key reasoning steps:
I cannot solve this problem. The answer is 0.

Extracted answer: 0",{},0,1,"{""dataset_name"": ""gsm8k"", ""model"": ""demo-model-1"", ""provider"": ""demo"", ""temperature"": 0.2, ""max_turns"": 1, ""experiment_id"": ""ensemble_demo_ensemble_20250918_092800""}"
1,gsm8k,demo-model-1,demo,0.2,0,1,,/Users/bradleyharaguchi/Algoverse-Self-Correction-Classification/demo_output/ensemble_demo_ensemble_20250918_092800/reasoning_traces/math/1/turn_0_reasoning.txt,0,"Weng earns 12/60 = $<<12/60=0.2>>0.2 per minute.
Working 50 minutes, she earned 0.2 x 50 = $<<0.2*50=10>>10.
#### 10",0,0.3,None,0.5,0.4,"Key reasoning steps:
I cannot solve this problem. The answer is 0.

Extracted answer: 0",{},0,1,"{""dataset_name"": ""gsm8k"", ""model"": ""demo-model-1"", ""provider"": ""demo"", ""temperature"": 0.2, ""max_turns"": 1, ""experiment_id"": ""ensemble_demo_ensemble_20250918_092800""}"
2,gsm8k,demo-model-1,demo,0.2,0,1,,/Users/bradleyharaguchi/Algoverse-Self-Correction-Classification/demo_output/ensemble_demo_ensemble_20250918_092800/reasoning_traces/math/2/turn_0_reasoning.txt,0,"In the beginning, Betty has only 100 / 2 = $<<100/2=50>>50.
Betty's grandparents gave her 15 * 2 = $<<15*2=30>>30.
This means, Betty needs 100 - 50 - 30 - 15 = $<<100-50-30-15=5>>5 more.
#### 5",0,0.3,None,0.5,0.4,"Key reasoning steps:
I cannot solve this problem. The answer is 0.

Extracted answer: 0",{},0,1,"{""dataset_name"": ""gsm8k"", ""model"": ""demo-model-1"", ""provider"": ""demo"", ""temperature"": 0.2, ""max_turns"": 1, ""experiment_id"": ""ensemble_demo_ensemble_20250918_092800""}"
3,gsm8k,demo-model-1,demo,0.2,0,1,,/Users/bradleyharaguchi/Algoverse-Self-Correction-Classification/demo_output/ensemble_demo_ensemble_20250918_092800/reasoning_traces/math/3/turn_0_reasoning.txt,0,"Maila read 12 x 2 = <<12*2=24>>24 pages today.
So she was able to read a total of 12 + 24 = <<12+24=36>>36 pages since yesterday.
There are 120 - 36 = <<120-36=84>>84 pages left to be read.
Since she wants to read half of the remaining pages tomorrow, then she should read 84/2 = <<84/2=42>>42 pages.
#### 42",0,0.3,None,0.5,0.4,"Key reasoning steps:
I cannot solve this problem. The answer is 0.

Extracted answer: 0",{},0,1,"{""dataset_name"": ""gsm8k"", ""model"": ""demo-model-1"", ""provider"": ""demo"", ""temperature"": 0.2, ""max_turns"": 1, ""experiment_id"": ""ensemble_demo_ensemble_20250918_092800""}"
4,gsm8k,demo-model-1,demo,0.2,0,1,,/Users/bradleyharaguchi/Algoverse-Self-Correction-Classification/demo_output/ensemble_demo_ensemble_20250918_092800/reasoning_traces/math/4/turn_0_reasoning.txt,0,"He writes each friend 3*2=<<3*2=6>>6 pages a week
So he writes 6*2=<<6*2=12>>12 pages every week
That means he writes 12*52=<<12*52=624>>624 pages a year
#### 624",0,0.3,None,0.5,0.4,"Key reasoning steps:
I cannot solve this problem. The answer is 0.

Extracted answer: 0",{},0,1,"{""dataset_name"": ""gsm8k"", ""model"": ""demo-model-1"", ""provider"": ""demo"", ""temperature"": 0.2, ""max_turns"": 1, ""experiment_id"": ""ensemble_demo_ensemble_20250918_092800""}"
5,gsm8k,demo-model-1,demo,0.2,0,1,,/Users/bradleyharaguchi/Algoverse-Self-Correction-Classification/demo_output/ensemble_demo_ensemble_20250918_092800/reasoning_traces/math/5/turn_0_reasoning.txt,0,"There are 80/100 * 10 = <<80/100*10=8>>8 more purple flowers than yellow flowers.
So in Mark's garden, there are 10 + 8 = <<10+8=18>>18 purple flowers.
Purple and yellow flowers sum up to 10 + 18 = <<10+18=28>>28 flowers.
That means in Mark's garden there are 25/100 * 28 = <<25/100*28=7>>7 green flowers.
So in total Mark has 28 + 7 = <<28+7=35>>35 plants in his garden.
#### 35",0,0.3,None,0.5,0.4,"Key reasoning steps:
I cannot solve this problem. The answer is 0.

Extracted answer: 0",{},0,1,"{""dataset_name"": ""gsm8k"", ""model"": ""demo-model-1"", ""provider"": ""demo"", ""temperature"": 0.2, ""max_turns"": 1, ""experiment_id"": ""ensemble_demo_ensemble_20250918_092800""}"
6,gsm8k,demo-model-1,demo,0.2,0,1,,/Users/bradleyharaguchi/Algoverse-Self-Correction-Classification/demo_output/ensemble_demo_ensemble_20250918_092800/reasoning_traces/math/6/turn_0_reasoning.txt,0,"He eats 32 from the largest pizzas because 2 x 16 = <<2*16=32>>32
He eats 16 from the small pizza because 2 x 8 = <<2*8=16>>16
He eats 48 pieces because 32 + 16 = <<32+16=48>>48
#### 48",0,0.3,None,0.5,0.4,"Key reasoning steps:
I cannot solve this problem. The answer is 0.

Extracted answer: 0",{},0,1,"{""dataset_name"": ""gsm8k"", ""model"": ""demo-model-1"", ""provider"": ""demo"", ""temperature"": 0.2, ""max_turns"": 1, ""experiment_id"": ""ensemble_demo_ensemble_20250918_092800""}"
7,gsm8k,demo-model-1,demo,0.2,0,1,,/Users/bradleyharaguchi/Algoverse-Self-Correction-Classification/demo_output/ensemble_demo_ensemble_20250918_092800/reasoning_traces/math/7/turn_0_reasoning.txt,0,"To the initial 2 pounds of jelly beans, he added enough brownies to cause the weight to triple, bringing the weight to 2*3=<<2*3=6>>6 pounds.
Next, he added another 2 pounds of jelly beans, bringing the weight to 6+2=<<6+2=8>>8 pounds.
And finally, he added enough gummy worms to double the weight once again, to a final weight of 8*2=<<8*2=16>>16 pounds.
#### 16",0,0.3,None,0.5,0.4,"Key reasoning steps:
I cannot solve this problem. The answer is 0.

Extracted answer: 0",{},0,1,"{""dataset_name"": ""gsm8k"", ""model"": ""demo-model-1"", ""provider"": ""demo"", ""temperature"": 0.2, ""max_turns"": 1, ""experiment_id"": ""ensemble_demo_ensemble_20250918_092800""}"
8,gsm8k,demo-model-1,demo,0.2,0,1,,/Users/bradleyharaguchi/Algoverse-Self-Correction-Classification/demo_output/ensemble_demo_ensemble_20250918_092800/reasoning_traces/math/8/turn_0_reasoning.txt,0,"Let S be the amount Alexis paid for the shoes.
She spent S + 30 + 46 + 38 + 11 + 18 = S + <<+30+46+38+11+18=143>>143.
She used all but $16 of her budget, so S + 143 = 200 - 16 = 184.
Thus, Alexis paid S = 184 - 143 = $<<184-143=41>>41 for the shoes.
#### 41",0,0.3,None,0.5,0.4,"Key reasoning steps:
I cannot solve this problem. The answer is 0.

Extracted answer: 0",{},0,1,"{""dataset_name"": ""gsm8k"", ""model"": ""demo-model-1"", ""provider"": ""demo"", ""temperature"": 0.2, ""max_turns"": 1, ""experiment_id"": ""ensemble_demo_ensemble_20250918_092800""}"
9,gsm8k,demo-model-1,demo,0.2,0,1,,/Users/bradleyharaguchi/Algoverse-Self-Correction-Classification/demo_output/ensemble_demo_ensemble_20250918_092800/reasoning_traces/math/9/turn_0_reasoning.txt,0,"She works 8 hours a day for $18 per hour so she makes 8*18 = $<<8*18=144.00>>144.00 per 8-hour shift
She works 10 hours a day and anything over 8 hours is eligible for overtime, so she gets 10-8 = <<10-8=2>>2 hours of overtime
Overtime is calculated as time and a half so and she makes $18/hour so her overtime pay is 18*.5 = $<<18*.5=9.00>>9.00
Her overtime pay is 18+9 = $<<18+9=27.00>>27.00
Her base pay is $144.00 per 8-hour shift and she works 5 days and makes 5 * $144 = $<<144*5=720.00>>720.00
Her overtime pay is $27.00 per hour and she works 2 hours of overtime per day and makes 27*2 = $<<27*2=54.00>>54.00 in overtime pay
2 hours of overtime pay for 5 days means she makes 54*5 = $270.00
In 5 days her base pay is $720.00 and she makes $270.00 in overtime pay so she makes $720 + $270 = $<<720+270=990.00>>990.00
#### 990",0,0.3,None,0.5,0.4,"Key reasoning steps:
I cannot solve this problem. The answer is 0.

Extracted answer: 0",{},0,1,"{""dataset_name"": ""gsm8k"", ""model"": ""demo-model-1"", ""provider"": ""demo"", ""temperature"": 0.2, ""max_turns"": 1, ""experiment_id"": ""ensemble_demo_ensemble_20250918_092800""}"
10,gsm8k,demo-model-1,demo,0.2,0,1,,/Users/bradleyharaguchi/Algoverse-Self-Correction-Classification/demo_output/ensemble_demo_ensemble_20250918_092800/reasoning_traces/math/10/turn_0_reasoning.txt,0,"Let S be the number of people on the first hundred years’ ship.
The second hundred years’ ship had twice as many as the first, so it had 2S people.
The third hundred years’ ship had twice as many as the second, so it had 2 * 2S = <<2*2=4>>4S people.
All the ships had S + 2S + 4S = 7S = 847 people.
Thus, the ship that the monster ate in the first hundred years had S = 847 / 7 = <<847/7=121>>121 people on it.
#### 121",0,0.3,None,0.5,0.4,"Key reasoning steps:
I cannot solve this problem. The answer is 0.

Extracted answer: 0",{},0,1,"{""dataset_name"": ""gsm8k"", ""model"": ""demo-model-1"", ""provider"": ""demo"", ""temperature"": 0.2, ""max_turns"": 1, ""experiment_id"": ""ensemble_demo_ensemble_20250918_092800""}"
11,gsm8k,demo-model-1,demo,0.2,0,1,,/Users/bradleyharaguchi/Algoverse-Self-Correction-Classification/demo_output/ensemble_demo_ensemble_20250918_092800/reasoning_traces/math/11/turn_0_reasoning.txt,0,"He saved up $110 total because 95 + 15 = <<95+15=110>>110
He saved $15 from his allowance because 3 x 5 = <<3*5=15>>15
He earned $60 mowing lawns because 4 x 15 = <<4*15=60>>60
He earned $35 shoveling driveways because 110 - 60 - 15 = <<110-60-15=35>>35
He shoveled 5 driveways because 35 / 7 = <<35/7=5>>5
#### 5",0,0.3,None,0.5,0.4,"Key reasoning steps:
I cannot solve this problem. The answer is 0.

Extracted answer: 0",{},0,1,"{""dataset_name"": ""gsm8k"", ""model"": ""demo-model-1"", ""provider"": ""demo"", ""temperature"": 0.2, ""max_turns"": 1, ""experiment_id"": ""ensemble_demo_ensemble_20250918_092800""}"
12,gsm8k,demo-model-1,demo,0.2,0,1,,/Users/bradleyharaguchi/Algoverse-Self-Correction-Classification/demo_output/ensemble_demo_ensemble_20250918_092800/reasoning_traces/math/12/turn_0_reasoning.txt,0,"Half of the number of Randy's mango trees is 60/2 = <<60/2=30>>30 trees.
So Randy has 30 - 5 = <<30-5=25>>25 coconut trees.
Therefore, Randy has 60 + 25 = <<60+25=85>>85 treeson his farm.
#### 85",0,0.3,None,0.5,0.4,"Key reasoning steps:
I cannot solve this problem. The answer is 0.

Extracted answer: 0",{},0,1,"{""dataset_name"": ""gsm8k"", ""model"": ""demo-model-1"", ""provider"": ""demo"", ""temperature"": 0.2, ""max_turns"": 1, ""experiment_id"": ""ensemble_demo_ensemble_20250918_092800""}"
13,gsm8k,demo-model-1,demo,0.2,0,1,,/Users/bradleyharaguchi/Algoverse-Self-Correction-Classification/demo_output/ensemble_demo_ensemble_20250918_092800/reasoning_traces/math/13/turn_0_reasoning.txt,0,"A pound of cream cheese cost $10 / 2 = $<<10/2=5>>5.
A pack of cold cuts cost $10 x 2 = $<<10*2=20>>20.
Jasper spent $10 + $5 + $20 = $<<10+5+20=35>>35 on the ingredients.
#### 35",0,0.3,None,0.5,0.4,"Key reasoning steps:
I cannot solve this problem. The answer is 0.

Extracted answer: 0",{},0,1,"{""dataset_name"": ""gsm8k"", ""model"": ""demo-model-1"", ""provider"": ""demo"", ""temperature"": 0.2, ""max_turns"": 1, ""experiment_id"": ""ensemble_demo_ensemble_20250918_092800""}"
14,gsm8k,demo-model-1,demo,0.2,0,1,,/Users/bradleyharaguchi/Algoverse-Self-Correction-Classification/demo_output/ensemble_demo_ensemble_20250918_092800/reasoning_traces/math/14/turn_0_reasoning.txt,0,"In one hour, there are 3 sets of 20 minutes.
So, Joy can read 8 x 3 = <<8*3=24>>24 pages in an hour.
It will take her 120/24 = <<120/24=5>>5 hours to read 120 pages.
#### 5",0,0.3,None,0.5,0.4,"Key reasoning steps:
I cannot solve this problem. The answer is 0.

Extracted answer: 0",{},0,1,"{""dataset_name"": ""gsm8k"", ""model"": ""demo-model-1"", ""provider"": ""demo"", ""temperature"": 0.2, ""max_turns"": 1, ""experiment_id"": ""ensemble_demo_ensemble_20250918_092800""}"
15,gsm8k,demo-model-1,demo,0.2,0,1,,/Users/bradleyharaguchi/Algoverse-Self-Correction-Classification/demo_output/ensemble_demo_ensemble_20250918_092800/reasoning_traces/math/15/turn_0_reasoning.txt,0,"He sold each DVD for 6*2.5=$<<6*2.5=15>>15
So he makes a profit of 15-6=$<<15-6=9>>9
So each day he makes a profit of 9*500=$<<9*500=4500>>4500
So he makes 4500*5=$<<4500*5=22500>>22,500
He makes 22,500*20=$<<22500*20=450000>>450,000
Then after the cost of creating the movie he has a profit of 450,000-2000=$<<450000-2000=448000>>448,000
#### 448000",0,0.3,None,0.5,0.4,"Key reasoning steps:
I cannot solve this problem. The answer is 0.

Extracted answer: 0",{},0,1,"{""dataset_name"": ""gsm8k"", ""model"": ""demo-model-1"", ""provider"": ""demo"", ""temperature"": 0.2, ""max_turns"": 1, ""experiment_id"": ""ensemble_demo_ensemble_20250918_092800""}"
16,gsm8k,demo-model-1,demo,0.2,0,1,,/Users/bradleyharaguchi/Algoverse-Self-Correction-Classification/demo_output/ensemble_demo_ensemble_20250918_092800/reasoning_traces/math/16/turn_0_reasoning.txt,0,"According to the ratio, for every 5 parts that Johnson gets, Mike gets 2 parts
Since Johnson got $2500, each part is therefore $2500/5 = $<<2500/5=500>>500
Mike will get 2*$500 = $<<2*500=1000>>1000
After buying the shirt he will have $1000-$200 = $<<1000-200=800>>800 left
#### 800",0,0.3,None,0.5,0.4,"Key reasoning steps:
I cannot solve this problem. The answer is 0.

Extracted answer: 0",{},0,1,"{""dataset_name"": ""gsm8k"", ""model"": ""demo-model-1"", ""provider"": ""demo"", ""temperature"": 0.2, ""max_turns"": 1, ""experiment_id"": ""ensemble_demo_ensemble_20250918_092800""}"
17,gsm8k,demo-model-1,demo,0.2,0,1,,/Users/bradleyharaguchi/Algoverse-Self-Correction-Classification/demo_output/ensemble_demo_ensemble_20250918_092800/reasoning_traces/math/17/turn_0_reasoning.txt,0,"If there were 26 pink hard hats and Carl took away 4 pink hard hats, the number of pink hard hats that remained is 26-4 = <<26-4=22>>22
John also took away 6 pink hard hats, leaving 22-6 = <<22-6=16>>16 pink hard hats in the truck.
If John also took twice as many green hard hats as pink hard hats, he took 2*6 = <<6*2=12>>12 green hard hats.
The total number of green hard hats that remained in the truck is 15-12 = <<15-12=3>>3
In the truck, after some are taken, there were 3 green hard hats + 16 pink hard hats = <<3+16=19>>19 hard hats in the truck.
Altogether, 19 green and pink hard hats + 24 yellow hards hats = <<19+24=43>>43 hard hats remained in the truck
#### 43",0,0.3,None,0.5,0.4,"Key reasoning steps:
I cannot solve this problem. The answer is 0.

Extracted answer: 0",{},0,1,"{""dataset_name"": ""gsm8k"", ""model"": ""demo-model-1"", ""provider"": ""demo"", ""temperature"": 0.2, ""max_turns"": 1, ""experiment_id"": ""ensemble_demo_ensemble_20250918_092800""}"
18,gsm8k,demo-model-1,demo,0.2,0,1,,/Users/bradleyharaguchi/Algoverse-Self-Correction-Classification/demo_output/ensemble_demo_ensemble_20250918_092800/reasoning_traces/math/18/turn_0_reasoning.txt,0,"Roque takes 2*3 = <<2*3=6>>6 hours a week to walk to work.
Roque takes 6*2 = <<6*2=12>>12 hours a week to walk to and from work.
Roque takes 1*2 = <<1*2=2>>2 hours a week to bike to work.
Roque takes 2*2 = <<2*2=4>>4 hours a week to bike to and from work.
In total, Roque takes 12+4 = <<12+4=16>>16 hour a week to go to and from work.
#### 16",0,0.3,None,0.5,0.4,"Key reasoning steps:
I cannot solve this problem. The answer is 0.

Extracted answer: 0",{},0,1,"{""dataset_name"": ""gsm8k"", ""model"": ""demo-model-1"", ""provider"": ""demo"", ""temperature"": 0.2, ""max_turns"": 1, ""experiment_id"": ""ensemble_demo_ensemble_20250918_092800""}"
19,gsm8k,demo-model-1,demo,0.2,0,1,,/Users/bradleyharaguchi/Algoverse-Self-Correction-Classification/demo_output/ensemble_demo_ensemble_20250918_092800/reasoning_traces/math/19/turn_0_reasoning.txt,0,"He bikes 20*2=<<20*2=40>>40 miles each day for work
So he bikes 40*5=<<40*5=200>>200 miles for work
That means he bikes a total of 200+200=<<200+200=400>>400 miles for work
So he bikes a total of 400/25=<<400/25=16>>16 hours
#### 16",0,0.3,None,0.5,0.4,"Key reasoning steps:
I cannot solve this problem. The answer is 0.

Extracted answer: 0",{},0,1,"{""dataset_name"": ""gsm8k"", ""model"": ""demo-model-1"", ""provider"": ""demo"", ""temperature"": 0.2, ""max_turns"": 1, ""experiment_id"": ""ensemble_demo_ensemble_20250918_092800""}"
